<?xml version="1.0" encoding="UTF-8"?>
<configuration>
    <springProperty scope="context" name="LOG_HOME" source="logging.file.path"/>
    <springProperty scope="context" name="LOG_FILE_BASE" source="logging.file.name"/>

    <appender name="FILE" class="ch.qos.logback.core.rolling.RollingFileAppender">
        <file>${LOG_HOME}/${LOG_FILE_BASE}-%d{yyyy-MM-dd}.log</file>
        <rollingPolicy class="ch.qos.logback.core.rolling.TimeBasedRollingPolicy">
            <fileNamePattern>${LOG_HOME}/${LOG_FILE_BASE}.%d{yyyy-MM-dd}.log</fileNamePattern>
            <maxHistory>30</maxHistory>
            <cleanHistoryOnStart>false</cleanHistoryOnStart>
        </rollingPolicy>
        <encoder>
            <pattern>%d{yyyy-MM-dd HH:mm:ss} - %msg%n</pattern>
        </encoder>
        <prudent>true</prudent>
    </appender>

    <root level="info">
        <appender-ref ref="FILE"/>
    </root>
</configuration>